{
  "correct": {
    "count": 363,
    "mean": 0.9862258953168044,
    "std": 0.07909122661106933,
    "median": 1.0,
    "min": 0.3333333333333333,
    "max": 1.0,
    "ci_95_lower": 0.9780895181977226,
    "ci_95_upper": 0.9943622724358862
  },
  "incorrect": {
    "count": 12,
    "mean": 0.6388888888888887,
    "std": 0.2643204870329197,
    "median": 0.6666666666666666,
    "min": 0.3333333333333333,
    "max": 1.0
  },
  "separation": {
    "mean_difference": 0.34733700642791565,
    "t_statistic": 4.5453683158451375,
    "p_value": 0.0008240333674570197,
    "cohens_d": 1.7803875485043879
  }
}